{
  "accuracy": 0.6476683937823834,
  "roc_auc": 0.7636383161512028,
  "confusion_matrix": [
    [
      61,
      36
    ],
    [
      32,
      64
    ]
  ],
  "classification_report": {
    "0": {
      "precision": 0.6559139784946236,
      "recall": 0.6288659793814433,
      "f1-score": 0.6421052631578947,
      "support": 97.0
    },
    "1": {
      "precision": 0.64,
      "recall": 0.6666666666666666,
      "f1-score": 0.6530612244897959,
      "support": 96.0
    },
    "accuracy": 0.6476683937823834,
    "macro avg": {
      "precision": 0.6479569892473118,
      "recall": 0.6477663230240549,
      "f1-score": 0.6475832438238454,
      "support": 193.0
    },
    "weighted avg": {
      "precision": 0.647998217170873,
      "recall": 0.6476683937823834,
      "f1-score": 0.6475548605043326,
      "support": 193.0
    }
  },
  "mean_predicted_probability_survivors": 0.6185773001435092,
  "mean_predicted_probability_nonsurvivors": 0.38932783699784607,
  "mannwhitney_u_statistic": 7111.0,
  "mannwhitney_p_value": 1.254257485542517e-10
}