{
  "accuracy": 0.6839378238341969,
  "roc_auc": 0.7808204467353952,
  "confusion_matrix": [
    [
      64,
      33
    ],
    [
      28,
      68
    ]
  ],
  "classification_report": {
    "0": {
      "precision": 0.6956521739130435,
      "recall": 0.6597938144329897,
      "f1-score": 0.6772486772486772,
      "support": 97.0
    },
    "1": {
      "precision": 0.6732673267326733,
      "recall": 0.7083333333333334,
      "f1-score": 0.6903553299492385,
      "support": 96.0
    },
    "accuracy": 0.6839378238341969,
    "macro avg": {
      "precision": 0.6844597503228584,
      "recall": 0.6840635738831615,
      "f1-score": 0.6838020035989578,
      "support": 193.0
    },
    "weighted avg": {
      "precision": 0.6845177421549319,
      "recall": 0.6839378238341969,
      "f1-score": 0.6837680485401482,
      "support": 193.0
    }
  },
  "mean_predicted_probability_survivors": 0.6233458176672199,
  "mean_predicted_probability_nonsurvivors": 0.3857781771238437,
  "mannwhitney_u_statistic": 7271.0,
  "mannwhitney_p_value": 7.983070734501283e-12
}